Event,Priority
EVZAM,0
EVZDM,0
EVZLM,0
EVZRD,0
EVZRM,0
NDERS,0
NLCRS,0
NUNRS,0
NSFRS,0
NRDRS,0
NRERS,0
NFNRS,0
NDNRS,0
EVAPA,20
EVAPP,20
EVAPE,20
EVAPF,20
EVAIP,20
EVAIE,20
EVAIF,20
EVPPA,30
EVDAV,30
EVDAW,30
EVDRO,30
EVDAA,30
EVDAC,30
EVDDM,30
EVDSS,30
EVDRS,30
EVDPR,30
EVDPL,30
EVDPM,30
EVDSR,30
EVDSL,30
EVDSM,30
EVDSD,30
EVBAV,30
EVBAH,30
EVBDM,30
EVBPR,30
EVBPL,30
EVBPM,30
EVBSR,30
EVBSL,30
EVBSM,30
EVBSS,30
EVBSW,30
EVBSD,30
EVCAV,30
EVCAH,30
EVCDM,30
EVCPR,30
EVCPL,30
EVCPM,30
EVCPD,30
EVIAV,30
EVIRM,30
EVIRO,30
EVIMS,30
EVIOF,30
EVIMC,30
EVIDM,30
EVIPR,30
EVIPL,30
EVIPM,30
EVIPD,30
EVNPB,30
EVOAC,30
EVOBC,30
EVOUF,30
EVODS,30
EVDMI,30
EVBMI,30
EVDSW,30
EVDRW,30
EVDRB,30
EVBRB,30
EVBRS,30
EVBRW,30
EVCRS,30
EVCRW,30
EVCRB,30
EVCPS,30
EVCPW,30
EVIPS,30
EVIPW,30
EVCMI,30
EVCPI,30
EVIMI,30
EVIPI,30
EVNMI,30
EVNWA,30
EVNRD,30
EVGDM,30
EVGMI,30
EVHAC,30
EVHEC,30
EVHOE,30
EVHOT,30
EVHDO,30
EVHDT,30
EVJOE,30
EVJDM,30
EVJDQ,30
EVJDH,30
EVJAD,30
EVJLV,30
EVJTE,30
EVJMO,30
EVJMT,30
EVORI,30
EVORC,30
EVOMI,30
EVOLB,30
EVOOC,30
EVORW,30
EVOVB,30
EVGDO,30
EVNMC,30
EVNDO,30
EVODO,30
EVOAD,30
EVHCA,30
EVHAN,30
EVHRF,30
EVHLD,30
EVHFD,30
EVHWD,30
EVHDI,30
EVHAP,30
EVHBU,30
EVHFM,30
EVHAM,30
EVHPO,30
EVHIN,30
EVHCR,30
EVHID,30
EVHPR,30
EVHNC,30
EVHMP,30
EVHSR,30
EVHAR,30
EVJIC,30
EVJPA,30
EVJML,30
EVJEM,30
EVJCO,30
EVJCD,30
EVJCC,30
EVJAP,30
EVJES,30
EVJCA,30
EVJBA,30
EVJSR,30
EVJIN,30
EVJEA,30
EVJER,30
EVJRF,30
EVJIA,30
EVJDP,30
EVJFC,30
EVJNT,30
EVJIR,30
EVJRT,30
EVJJV,30
EVJMV,30
EVJDU,30
EVJND,30
EVILC,30
EVNRT,30
EVGPD,30
EVSGS,30
EVNCR,30
EVNUR,30
EVDEL,30
EVKSU,30
EVKNA,30
EVKAA,30
EVPLA,30
EVKLS,30
EVNDA,30
EVNDN,30
EVNKS,30
EVNAA,30
EVNLC,30
EVNFS,30
EVNSR,30
EVNRC,30
EVNSA,30
EVNBA,30
EVNIO,30
EVNIL,30
EVNAE,30
EVNLI,30
EVNSI,30
EVNGL,30
EVNRO,30
EVNRR,30
EVNUO,30
EVNUL,30
EVPON,30
EVPOI,30
EVPOA,30
EVPOU,30
EVPOR,30
EVPOG,30
EVPXN,30
EVPXI,30
EVPXA,30
EVPXU,30
EVPXR,30
EVPXG,30
EVPUX,30
EVIPA,30
EVKGA,30
EVKRF,30
EVKAI,30
EVNHE,30
EVNHR,30
EVSUS,30
EVSGD,30
EVNCF,40
EVKSP,40
EVKOP,40
EVKSF,40
EVKDN,40
EVKNS,40
EVKLC,40
EVNPO,40
EVNLP,40
EVNOC,40
EVNCE,40
EVNCO,40
EVNSC,40
EVPLC,40
EVPLF,40
EVORR,40
EVNUK,40
EVNAB,40
EVNAC,40
EVNAD,40
EVNGA,40
EVNRS,40
EVNRF,40
EVNRE,40
EVNAI,40
EVDSA,50
EVDRA,50
EVBRA,50
EVBRT,50
EVBSA,50
EVCRA,50
EVCPA,50
EVPLN,50
EVPLR,50
EVPLI,50
EVPLU,50
EVPLX,50
EVNRN,50
EVNLR,50
EVNRL,50
EVNLA,50
EVNLG,50
CCCHC,0
CCCHR,40
CCCPD,30
CCCRJ,30
CCEPD,30
CCERJ,30
CCITM,20
CCINC,20
EVNNI,40
