Visibility Level,Event List,No Matching Events Error Message,Error Code
0,,The service used to send this item does not provide tracking information,E1283
1,"EVKOP,EVKSP,EVKSF,EVKSU,EVKDN,EVKNS,EVKNA,EVKAA,EVKGA,EVKRF,EVKAI,EVKLC,EVKLS,EVNDA,EVNDN,EVNKS,EVNRT,EVNAA,EVNRD,EVNLR,EVNRF,EVNRE,EVNRL,EVNLA,EVNLG,EVNAI,EVNGA,EVNFS,EVNOC,EVNCO,EVNSC,EVNSR,EVPON,EVPOI,EVPOA,EVPOU,EVPOR,EVPOG,EVPXN,EVPXI,EVPXA,EVPXU,EVPXR,EVPXG,EVPUX,EVNCE,EVPLC,EVPLF","The service used to send this item only provides an update once we have attempted to deliver it. As this is not a tracked service we are unable to provide any further details. Please allow up to 3 working days for delivery, depending on the service used.",E1284
2,"EVKOP,EVDAC,EVNRC,EVDPR,EVDPL,EVDPM","The service used to send this item only provides an update once we have attempted to deliver it. As this is not a tracked service we are unable to provide any further details. Please allow up to 3 working days for delivery, depending on the service used.",E1284
3,"EVAIP,EVAIE,EVAIF,EDASU,EVDAV,EVDAW,EVDRO,EVDAA,EVDOF,EVDAC,EVDDM,EVDSS,EVDRS,EVDRM,EVDPR,EVDPL,EVDPM,EVDSR,EVDSL,EVDSM,EVDSW,EVDSD,EVDSA,EVDRB,EVBAH,EVBDM,EVBRA,EVBRB,EVBRT,EVBRS,EVBRW,EVBSA,EVBPR,EVBPL,EVBPM,EVBSR,EVBSL,EVBSM,EVBSS,EVBSW,EVBSD,EVCAH,EVCRS,EVCRW,EVCRB,EVNDA,EVCDM,EVCRA,EVCMI,EVCPR,EVCPL,EVCPM,EVCPS,EVCPW,EVCPD,EVCPA,EVCPI,EVKOP,EVIAV,EVIRM,EVIRO,EVIMS,EVIOF,EVIMC,EVIDM,EVIMI,EVIPR,EVIPL,EVIPM,EVIPD,EVIPI,EVIPS,EVIPW,EVIRA,EVGPD,EVGDM,EVGMI,EVKSF,EVKDN,EVKNA,EVKAA,EVKGA,EVKRF,EVKAI,EVKLC,EVPLA,EVPLC,EVPLF,EVPLN,EVPLR,EVPLI,EVPLU,EVPLX,EVNDN,EVNKS,EVNRT,EVNAA,EVNMI,EVNWA,EVNRD,EVNLR,EVNRF,EVNRE,EVNRL,EVNLA,EVNLG,EVNAI,EVNGA,EVNFS,EVNOC,EVNSR,EVPON,EVPOI,EVPOA,EVPOU,EVPOR,EVPOG,EVPXN,EVPXI,EVPXA,EVPXU,EVPXR,EVPXG,EVPUX,EVNCE","The service used to send this item only provides an update once we have attempted to deliver it. As this is not a tracked service we are unable to provide any further details. Please allow up to 3 working days for delivery, depending on the service used.",E1284
4,"EVAIP,EVAIE,EVPPA,EVDAV,EVDAC,EVCPD,EVDDM,EVDSS,EVDRS,EVDSW,EVDRW,EVDSD,EVDSA,EVDMI,EVDRB,EVDRA,EVBAV,EVBAH,EVBDM,EVBRA,EVBRB,EVBRT,EVBRS,EVBRW,EVBSA,EVBSS,EVBSW,EVBSD,EVBMI,EVCAV,EVCAH,EVCRS,EVCRW,EVCRB,EVCDM,EVCRA,EVCMI,EVCPS,EVCPW,EVCPA,EVCPI,EVKOP,EVIAV,EVIMC,EVIDM,EVIMI,EVIPD,EVIPI,EVIPS,EVIPW,EVIPA,EVGPD,EVGDM,EVGMI,EVKSP,EVKSF,EVKSU,EVKDN,EVKNS,EVNRC,EVKNA,EVKAA,EVKGA,EVKRF,EVKAI,EVKLC,EVKLS,EVPLA,EVPLC,EVPLF,EVPLN,EVPLR,EVPLI,EVPLU,EVPLX,EVNDA,EVNDN,EVNKS,EVNRT,EVNAA,EVNLC,EVNMI,EVNWA,EVNCO,EVNRD,EVNLR,EVNRF,EVNRE,EVNRL,EVNLA,EVNLG,EVNAI,EVNGA,EVNFS,EVNOC,EVNSC,EVNSR,EVNPB,EVZAM,EVZDM,EVZLM,EVZRD,EVZRM,EVPON,EVPOI,EVPOA,EVPOU,EVPOR,EVPOG,EVPXN,EVPXI,EVPXA,EVPXU,EVPXR,EVPXG,EVPUX,EVNCE,EVNRS,EVNRN,EVORR","The service used to send this item only provides an update once we have received the item in our network. Please allow up to 3 working days for delivery, depending on the service used.",E1308
5,"EVAIP,EVAIE,EVPPA,EVKOP,EVGPD,EVGDM,EVGMI,EVKSP,EVKSF,EVKSU,EVKDN,EVKNS,EVKNA,EVKAA,EVKGA,EVKRF,EVKAI,EVKLC,EVKLS,EVPLA,EVPLC,EVPLF,EVPLN,EVPLR,EVPLI,EVPLU,EVPLX,EVNDA,EVNDN,EVNKS,EVNRT,EVNAA,EVNLC,EVNMI,EVNWA,EVNCO,EVNRD,EVNLR,EVNRF,EVNRE,EVNRL,EVNLA,EVNLG,EVNAI,EVNGA,EVNFS,EVNOC,EVNSC,EVNSR,EVNPB,EVZAM,EVZDM,EVZLM,EVZRD,EVZRM,EVOAC,EVOUF,EVORR,EVOBC,EVODO,EVORI,EVORC,EVOMI,EVOLB,EVOOC,EVORW,EVOVB,EVGDO,EVNPO,EVNCF,EVNDO,EVSUS,EVSGD,EVSGS,EVNLP,EVNAE,EVNRC,EVNUK,EVNAB,EVNAC,EVNAD,EVNRN,EVNSA,EVNBA,EVNLI,EVNSI,EVNIO,EVNIL,EVNGL,EVNRO,EVNRR,EVNUO,EVNUL,EVPON,EVPOI,EVPOA,EVPOU,EVPOR,EVPOG,EVPXN,EVPXI,EVPXA,EVPXU,EVPXR,EVPXG,EVPUX,EVNCE,EVODS,EVNUR,EVNRS,EVDEL,CCCHR,CCCPD,CCCRJ,CCEPD,CCERJ,EVNCF,CCITM,CCINC,EVNNI","The service used to send this item only provides an update once we have received the item in our network. Please allow up to 3 working days for delivery, depending on the service used.",E1308
6,"EVAIP,EVAIE,EVPPA,EVKOP,EVGPD,EVGDM,EVGMI,EVKSP,EVKSF,EVKSU,EVKDN,EVKNS,EVKNA,EVKAA,EVKGA,EVKRF,EVKAI,EVKLC,EVKLS,EVPLA,EVPLC,EVPLF,EVPLN,EVPLR,EVPLI,EVPLU,EVPLX,EVNDA,EVNDN,EVNKS,EVNRT,EVNAA,EVNLC,EVNMI,EVNWA,EVNCO,EVNRD,EVNLR,EVNRF,EVNRE,EVNRL,EVNLA,EVNLG,EVNAI,EVNGA,EVNFS,EVNOC,EVNSC,EVNSR,EVNPB,EVZAM,EVZDM,EVZLM,EVZRD,EVZRM,EVOAC,EVOUF,EVORR,EVOBC,EVODO,EVORI,EVORC,EVOMI,EVOLB,EVOOC,EVORW,EVOVB,EVGDO,EVNPO,EVNCF,EVNDO,EVSUS,EVSGD,EVSGS,EVNLP,EVNAE,EVNRC,EVNUK,EVNAB,EVNAC,EVNAD,EVNRN,EVNSA,EVNBA,EVNLI,EVNSI,EVNIO,EVNIL,EVNGL,EVNRO,EVNRR,EVNUO,EVNUL,EVPON,EVPOI,EVPOA,EVPOU,EVPOR,EVPOG,EVPXN,EVPXI,EVPXA,EVPXU,EVPXR,EVPXG,EVPUX,EVHAC,EVHCA,EVHDI,EVHAP,EVHFM,EVHCR,EVHID,EVHNC,EVHSR,EVHAR,EVHOE,EVJOE,EVJIC,EVJPA,EVJML,EVJEM,EVJCO,EVJCD,EVJCC,EVJAP,EVJES,EVJCA,EVJBA,EVJSR,EVJIN,EVJEA,EVJIA,EVJDP,EVJFC,EVJNT,EVJLV,EVJJV,EVJMV,EVJDU,EVILC,EVNHE,EVNCE,EVODS,EVNUR,EVNRS,EVDEL,EVAAC,EVHHE,CCCHR,CCCPD,CCCRJ,CCEPD,CCERJ,EVNCF,CCITM,CCINC,EVNNI","The service used to send this item only provides an update once we have received the item in our network. Please allow up to 3 working days for delivery, depending on the service used.",E1308
7,"EVAIP,EVAIE,EVPPA,EVKOP,EVGPD,EVGDM,EVGMI,EVKSP,EVKSF,EVKSU,EVKDN,EVKNS,EVKNA,EVKAA,EVKGA,EVKRF,EVKAI,EVKLC,EVKLS,EVPLA,EVPLC,EVPLF,EVPLN,EVPLR,EVPLI,EVPLU,EVPLX,EVNDA,EVNDN,EVNKS,EVNRT,EVNAA,EVNLC,EVNMI,EVNWA,EVNCO,EVNRD,EVNLR,EVNRF,EVNRE,EVNRL,EVNLA,EVNLG,EVNAI,EVNGA,EVNFS,EVNOC,EVNSC,EVNSR,EVNPB,EVZAM,EVZDM,EVZLM,EVZRD,EVZRM,EVOAC,EVOUF,EVORR,EVOBC,EVODO,EVORI,EVORC,EVOMI,EVOLB,EVOOC,EVORW,EVOVB,EVGDO,EVNPO,EVNCF,EVNDO,EVSUS,EVSGD,EVSGS,EVNLP,EVNAE,EVNRC,EVNUK,EVNAB,EVNAC,EVNAD,EVNRN,EVNSA,EVNBA,EVNLI,EVNSI,EVNIO,EVNIL,EVNGL,EVNRO,EVNRR,EVNUO,EVNUL,EVPON,EVPOI,EVPOA,EVPOU,EVPOR,EVPOG,EVPXN,EVPXI,EVPXA,EVPXU,EVPXR,EVPXG,EVPUX,EVHAC,EVHCA,EVHDI,EVHAP,EVHFM,EVHCR,EVHID,EVHNC,EVHSR,EVHAR,EVHOE,EVJOE,EVJLV,EVJJV,EVJMV,EVJDU,EVILC,EVNHE,EVNCE,EVODS,EVNUR,EVNRS,EVDEL,EVAAC,EVHHE,CCCHR,CCCPD,CCCRJ,CCEPD,CCERJ,EVNCF,CCITM,CCINC,EVNNI","The service used to send this item only provides an update once we have received the item in our network. Please allow up to 3 working days for delivery, depending on the service used.",E1308
8,"EVPPA,EVNPB,EVKOP,EVKSP,EVKSF,EVKSU,EVKDN,EVKNS,EVKNA,EVKAA,EVKGA,EVKRF,EVKAI,EVKLC,EVKLS,EVNDA,EVNDN,EVNKS,EVNRT,EVNAA,EVNRD,EVNLR,EVNRF,EVNRE,EVNRL,EVNLA,EVNLG,EVNAI,EVNGA,EVNFS,EVNOC,EVNCO,EVNSC,EVNSR,EVPON,EVPOI,EVPOA,EVPOU,EVPOR,EVPOG,EVPXN,EVPXI,EVPXA,EVPXU,EVPXR,EVPXG,EVPUX,EVNCE,EVORR,EVNRS,EVNRN,EVPLC,EVPLF,EVDEL","The service used to send this item only provides an update once we have attempted to deliver it. As this is not a tracked service we are unable to provide any further details. Please allow up to 3 working days for delivery, depending on the service used.",E1284
9,"EVAIP,EVAIE,EVDAV,EVDAC,EVDSD,EVDSS,EVDRS,EVDPR,EVDPL,EVDPM,EVDSR,EVDSL,EVDSM,EVDSW,EVDRW,EVDSA,EVDMI,EVBAV,EVCPI,EVIMC,EVIPD,EVIPI,EVIPS,EVIPW,EVIPA,EVKSP,EVKOP,EVKSF,EVKSU,EVKDN,EVKNS,EVKNA,EVKAA,EVKGA,EVKRF,EVKAI,EVKLC,EVPLA,EVPLC,EVPLF,EVPLN,EVPLR,EVPLI,EVPLU,EVPLX,EVKLS,EVNDA,EVNDN,EVNKS,EVNRT,EVNAA,EVNLC,EVNLR,EVNRF,EVNRE,EVNRL,EVNLA,EVNLG,EVNAI,EVNGA,EVNFS,EVNOC,EVNCO,EVNSR,EVNRC,EVNPB,EVNUK,EVNAB,EVNAC,EVNCF,EVNLP,EVODO,EVOAC,EVOBC,EVORC,EVORI,EVOVB,EVORW,EVNAD,EVNSA,EVNBA,EVNIO,EVNIL,EVNRO,EVNGL,EVNLI,EVNSI,EVNRR,EVNUO,EVNUL,EVNRN,EVGDO,EVNAE,EVPON,EVPOI,EVPOA,EVPOU,EVPOR,EVPOG,EVPXN,EVPXI,EVPXA,EVPXU,EVPXR,EVPXG,EVPUX,EVNCE,EVODS,CCCHR,CCCPD,CCCRJ,CCEPD,CCERJ,EVNCF,CCITM,CCINC,EVNNI","The service used to send this item only provides an update once we have received the item in our network. Please allow up to 3 working days for delivery, depending on the service used.",E1308
