Notification Product Group,Event Code,Notification Type,Sender Email Template ID,Sender SMS Template ID,Recipient Email Template ID,Recipient SMS Template ID,RMFooterID,Last Allowed Time,Max Allowed Days,Sequence,Customer Notification Rule,Estimation At Acceptance
Tracked 24,EVGPD,NRD,,,T1email,T1SMS,RMFooter1,,1,,1,3
Tracked 24,EVKSP,NDE,,,T2email,T2SMS,RMFooter1,,1,,0,0
Tracked 24,EVKOP,NDE,,,T2email,T2SMS,RMFooter1,,1,,0,0
Tracked 24,EVKDN,NDN,,,T8email,T8SMS,RMFooter1,,1,,0,0
Tracked 24,EVKNS,NDN,,,T8email,T8SMS,RMFooter1,,1,,0,0
Tracked 24,EVKSF,NSF,,,T3email,T3SMS,RMFooter1,,1,,0,0
Tracked 24,EVKLC,NLC,,,T4email,T4SMS,RMFooter1,,1,,0,0
Tracked 24,EVKLS,NLC,,,T4email,T4SMS,RMFooter1,,1,,0,0
Tracked 24,EVKNA,NUN,,,T13email,T5SMS,RMFooter1,,1,,0,0
Tracked 24,EVNRE,NRE,,,T7email,T7SMS,RMFooter1,,1,,0,0
Tracked 24,EVZDR,NFN,,,T6email,T6SMS,RMFooter1,,1,,0,0
Tracked 24,EVNLC,NLC,,,T4email,T4SMS,RMFooter1,,1,,0,0
Tracked 48,EVGPD,NRD,,,T1email,T1SMS,RMFooter1,,1,,1,3
Tracked 48,EVKSP,NDE,,,T2email,T2SMS,RMFooter1,,1,,0,0
Tracked 48,EVKOP,NDE,,,T2email,T2SMS,RMFooter1,,1,,0,0
Tracked 48,EVKNA,NUN,,,T5email,T5SMS,RMFooter1,,1,,0,0
Tracked 48,EVKSF,NSF,,,T3email,T3SMS,RMFooter1,,1,,0,0
Tracked 48,EVKLC,NLC,,,T4email,T4SMS,RMFooter1,,1,,0,0
Tracked 48,EVNLC,NLC,,,T4email,T4SMS,RMFooter1,,1,,0,0
Tracked 48,EVKLS,NLC,,,T4email,T4SMS,RMFooter1,,1,,0,0
Special Delivery Guaranteed 1pm,EVNAC,NPD,,,None,None,RMFooter1,,1,,0,1
Tracked 48,EVNRE,NRE,,,T7email,T7SMS,RMFooter1,,1,,0,0
Tracked 48,EVZDR,NFN,,,T6email,T6SMS,RMFooter1,,1,,0,0
Tracked 48,EVKDN,NDN,,,T8email,T8SMS,RMFooter1,,1,,0,0
Tracked 48,EVKNS,NDN,,,T8email,T8SMS,RMFooter1,,1,,0,0
Tracked 24,EVKSU,NSN,,,T11email,T11SMS,RMFooter1,,1,,0,0
Tracked 24,EVNDN,NST,,,T9email,T9SMS,RMFooter1,,1,,0,0
Tracked 24,EVKAA,NST,,,T9email,T9SMS,RMFooter1,,1,,0,0
Tracked 48,EVKSU,NSN,,,T11email,T11SMS,RMFooter1,,1,,0,0
Tracked 48,EVNDN,NST,,,T9email,T9SMS,RMFooter1,,1,,0,0
Tracked 48,EVKAA,NST,,,T9email,T9SMS,RMFooter1,,1,,0,0
Tracked 24,EVNDA,NEP,,,T10email,T10SMS,RMFooter1,,1,,0,0
Tracked 24,EVNCE,NCE,,,T12email,T12SMS,RMFooter1,,1,,0,0
Tracked 24,EVNCO,NCO,,,T12email,T12SMS,RMFooter1,,1,,0,0
Tracked 48,EVNDA,NEP,,,T10email,T10SMS,RMFooter1,,1,,0,0
Tracked 48,EVNCE,NCE,,,T12email,T12SMS,RMFooter1,,1,,0,0
Tracked 48,EVNCO,NCO,,,T12email,T12SMS,RMFooter1,,1,,0,0
Special Delivery Guaranteed 9am,EVOAC,NAS,,,SDG0email,SDG0SMS,RMFooter1,,1,,1,0
Special Delivery Guaranteed 9am,EVOBC,NAS,,,SDG0email,SDG0SMS,RMFooter1,,1,,1,0
Special Delivery Guaranteed 9am,EVGPD,NRD,,,SDG1email,SDG1SMS,RMFooter1,,1,,1,0
Special Delivery Guaranteed 9am,EVKSP,NDE,,,SDG2email,SDG2SMS,RMFooter1,,1,,0,0
Special Delivery Guaranteed 9am,EVNLC,NLC,,,SDG3email,SDG3SMS,RMFooter1,,1,,0,0
Special Delivery Guaranteed 9am,EVKLS,NLC,,,SDG3email,SDG3SMS,RMFooter1,,1,,0,0
Special Delivery Guaranteed 9am,EVNSA,NUN,,,SDG4email,SDG4SMS,RMFooter1,,1,,0,0
Special Delivery Guaranteed 9am,EVNBA,NUN,,,SDG4email,SDG4SMS,RMFooter1,,1,,0,0
Special Delivery Guaranteed 9am,EVKNA,NUN,,,SDG4email,SDG4SMS,RMFooter1,,1,,0,0
Special Delivery Guaranteed 9am,EVZDR,NFN,,,SDG5email,SDG5SMS,RMFooter1,,1,,0,0
Special Delivery Guaranteed 9am,EVNAC,NPD,,,None,None,RMFooter1,,1,,0,1
Special Delivery Guaranteed 9am,EVNAD,NRE,,,SDG6email,SDG6SMS,RMFooter1,,1,,0,0
Special Delivery Guaranteed 9am,EVNRS,NRE,,,SDG6email,SDG6SMS,RMFooter1,,1,,0,0
Special Delivery Guaranteed 9am,EVNDN,NST,,,SDG7email,SDG7SMS,RMFooter1,,1,,0,0
Special Delivery Guaranteed 9am,EVKAA,NST,,,SDG7email,SDG7SMS,RMFooter1,,1,,0,0
Special Delivery Guaranteed 9am,EVNIO,NST,,,SDG7email,SDG7SMS,RMFooter1,,1,,0,0
Special Delivery Guaranteed 9am,EVNIL,NST,,,SDG7email,SDG7SMS,RMFooter1,,1,,0,0
Special Delivery Guaranteed 1pm,EVOAC,NAS,,,SDG8email,SDG8SMS,RMFooter1,,1,,1,0
Special Delivery Guaranteed 1pm,EVOBC,NAS,,,SDG8email,SDG8SMS,RMFooter1,,1,,1,0
Special Delivery Guaranteed 1pm,EVGPD,NRD,,,SDG9email,SDG9SMS,RMFooter1,,1,,1,0
Special Delivery Guaranteed 1pm,EVKSP,NDE,,,SDG2email,SDG2SMS,RMFooter1,,1,,0,0
Special Delivery Guaranteed 1pm,EVNLC,NLC,,,SDG3email,SDG3SMS,RMFooter1,,1,,0,0
Special Delivery Guaranteed 1pm,EVKLS,NLC,,,SDG3email,SDG3SMS,RMFooter1,,1,,0,0
Special Delivery Guaranteed 1pm,EVNSA,NUN,,,SDG4email,SDG4SMS,RMFooter1,,1,,0,0
Special Delivery Guaranteed 1pm,EVNBA,NUN,,,SDG4email,SDG4SMS,RMFooter1,,1,,0,0
Special Delivery Guaranteed 1pm,EVKNA,NUN,,,SDG4email,SDG4SMS,RMFooter1,,1,,0,0
Special Delivery Guaranteed 1pm,EVZDR,NFN,,,SDG5email,SDG5SMS,RMFooter1,,1,,0,0
Tracked 24,EVNAI,NPD,,,T7email,T7SMS,RMFooter1,,1,,0,0
Special Delivery Guaranteed 1pm,EVNAD,NRE,,,SDG6email,SDG6SMS,RMFooter1,,1,,0,0
Special Delivery Guaranteed 1pm,EVNRS,NRE,,,SDG6email,SDG6SMS,RMFooter1,,1,,0,0
Special Delivery Guaranteed 1pm,EVNDN,NST,,,SDG7email,SDG7SMS,RMFooter1,,1,,0,0
Special Delivery Guaranteed 1pm,EVKAA,NST,,,SDG7email,SDG7SMS,RMFooter1,,1,,0,0
Special Delivery Guaranteed 1pm,EVNIO,NST,,,SDG7email,SDG7SMS,RMFooter1,,1,,0,0
Special Delivery Guaranteed 1pm,EVNIL,NST,,,SDG7email,SDG7SMS,RMFooter1,,1,,0,0
Tracked 24,EDADC,NVB,,,VEDWR_BYTIME_EMAIL,VEDWR_BYTIME_SMS,RMFooter1,,1,,1,3
Tracked 48,EDADC,NVB,,,VEDWR_BYTIME_EMAIL,VEDWR_BYTIME_SMS,RMFooter1,,1,,1,3
Tracked 24,EDASU,NVV,,,VEDWR_EMAIL,VEDWR_SMS,RMFooter1,,1,,1,3
Tracked 48,EDASU,NVV,,,VEDWR_EMAIL,VEDWR_SMS,RMFooter1,,1,,1,3
Special Delivery Guaranteed 1pm,EVBMI,NPR,,,SDG_PROBLEM_EMAIL,PROBLEM_SMS,RMFooter1,,3,,0,1
Special Delivery Guaranteed 1pm,EVCMI,NPR,,,SDG_PROBLEM_EMAIL,PROBLEM_SMS,RMFooter1,,3,,0,1
Special Delivery Guaranteed 1pm,EVCPI,NPR,,,SDG_PROBLEM_EMAIL,PROBLEM_SMS,RMFooter1,,3,,0,1
Special Delivery Guaranteed 1pm,EVDMI,NPR,,,SDG_PROBLEM_EMAIL,PROBLEM_SMS,RMFooter1,,3,,0,1
Special Delivery Guaranteed 1pm,EVGMI,NPR,,,SDG_PROBLEM_EMAIL,PROBLEM_SMS,RMFooter1,,3,,0,1
Special Delivery Guaranteed 1pm,EVIMI,NPR,,,SDG_PROBLEM_EMAIL,PROBLEM_SMS,RMFooter1,,3,,0,1
Special Delivery Guaranteed 1pm,EVIPI,NPR,,,SDG_PROBLEM_EMAIL,PROBLEM_SMS,RMFooter1,,3,,0,1
Special Delivery Guaranteed 1pm,EVOMI,NPR,,,SDG_PROBLEM_EMAIL,PROBLEM_SMS,RMFooter1,,3,,0,1
Special Delivery Guaranteed 1pm,EVNMC,NPR,,,SDG_PROBLEM_EMAIL,PROBLEM_SMS,RMFooter1,,3,,0,1
Special Delivery Guaranteed 1pm,EVNWA,NPR,,,SDG_PROBLEM_EMAIL,PROBLEM_SMS,RMFooter1,,3,,0,1
Special Delivery Guaranteed 1pm,PDNAP,NAS,,,SDG8email,SDG8SMS,RMFooter1,,1,,0,1
Special Delivery Guaranteed 1pm,PDNMI,NAS,,,SDG8email,SDG8SMS,RMFooter1,,1,,0,1
Special Delivery Guaranteed 1pm,PDPEI,NAS,,,SDG8email,SDG8SMS,RMFooter1,,1,,0,1
Special Delivery Guaranteed 1pm,PDRNF,NAS,,,SDG8email,SDG8SMS,RMFooter1,,1,,0,1
Special Delivery Guaranteed 1pm,PDSEI,NAS,,,SDG8email,SDG8SMS,RMFooter1,,1,,0,1
Special Delivery Guaranteed 1pm,PDSMI,NAS,,,SDG8email,SDG8SMS,RMFooter1,,1,,0,1
Special Delivery Guaranteed 1pm,VDPEI,NRD,,,SDG9email,SDG9SMS,RMFooter1,,1,,0,1
Special Delivery Guaranteed 1pm,VDSEI,NRD,,,SDG9email,SDG9SMS,RMFooter1,,1,,0,1
Special Delivery Guaranteed 1pm,VDSLT,NRD,,,SDG9email,SDG9SMS,RMFooter1,,1,,0,1
Special Delivery Guaranteed 1pm,VDSMI,NRD,,,SDG9email,SDG9SMS,RMFooter1,,1,,0,1
Special Delivery Guaranteed 9am,PDNAP,NAS,,,SDG0email,SDG0SMS,RMFooter1,,1,,0,1
Special Delivery Guaranteed 9am,PDNMI,NAS,,,SDG0email,SDG0SMS,RMFooter1,,1,,0,1
Special Delivery Guaranteed 9am,PDPEI,NAS,,,SDG0email,SDG0SMS,RMFooter1,,1,,0,1
Special Delivery Guaranteed 9am,PDRNF,NAS,,,SDG0email,SDG0SMS,RMFooter1,,1,,0,1
Special Delivery Guaranteed 9am,PDSEI,NAS,,,SDG0email,SDG0SMS,RMFooter1,,1,,0,1
Special Delivery Guaranteed 9am,PDSMI,NAS,,,SDG0email,SDG0SMS,RMFooter1,,1,,0,1
Special Delivery Guaranteed 9am,VDPEI,NRD,,,SDG1email,SDG0SMS,RMFooter1,,1,,0,1
Special Delivery Guaranteed 9am,VDSEI,NRD,,,SDG1email,SDG0SMS,RMFooter1,,1,,0,1
Special Delivery Guaranteed 9am,VDSLT,NRD,,,SDG1email,SDG0SMS,RMFooter1,,1,,0,1
Special Delivery Guaranteed 9am,VDSMI,NRD,,,SDG1email,SDG0SMS,RMFooter1,,1,,0,1
Tracked 24,PDNAP,NOM,,,ONWAY_EMAIL,ONWAY_SMS,RMFooter1,,1,,0,3
Tracked 24,PDNMI,NOM,,,ONWAY_EMAIL,ONWAY_SMS,RMFooter1,,1,,0,3
Tracked 24,PDPEI,NOM,,,ONWAY_EMAIL,ONWAY_SMS,RMFooter1,,1,,0,3
Tracked 24,PDSEI,NOM,,,ONWAY_EMAIL,ONWAY_SMS,RMFooter1,,1,,0,3
Special Delivery Guaranteed 9am,EVBMI,NPR,,,SDG_PROBLEM_EMAIL,PROBLEM_SMS,RMFooter1,,3,,0,1
Special Delivery Guaranteed 9am,EVCMI,NPR,,,SDG_PROBLEM_EMAIL,PROBLEM_SMS,RMFooter1,,3,,0,1
Special Delivery Guaranteed 9am,EVCPI,NPR,,,SDG_PROBLEM_EMAIL,PROBLEM_SMS,RMFooter1,,3,,0,1
Special Delivery Guaranteed 9am,EVDMI,NPR,,,SDG_PROBLEM_EMAIL,PROBLEM_SMS,RMFooter1,,3,,0,1
Special Delivery Guaranteed 9am,EVGMI,NPR,,,SDG_PROBLEM_EMAIL,PROBLEM_SMS,RMFooter1,,3,,0,1
Special Delivery Guaranteed 9am,EVIMI,NPR,,,SDG_PROBLEM_EMAIL,PROBLEM_SMS,RMFooter1,,3,,0,1
Special Delivery Guaranteed 9am,EVIPI,NPR,,,SDG_PROBLEM_EMAIL,PROBLEM_SMS,RMFooter1,,3,,0,1
Special Delivery Guaranteed 9am,EVOMI,NPR,,,SDG_PROBLEM_EMAIL,PROBLEM_SMS,RMFooter1,,3,,0,1
Special Delivery Guaranteed 9am,EVNMC,NPR,,,SDG_PROBLEM_EMAIL,PROBLEM_SMS,RMFooter1,,3,,0,1
Special Delivery Guaranteed 9am,EVNWA,NPR,,,SDG_PROBLEM_EMAIL,PROBLEM_SMS,RMFooter1,,3,,0,1
Tracked 24,PDSMI,NOM,,,ONWAY_EMAIL,ONWAY_SMS,RMFooter1,,1,,0,3
Tracked 24,VDADX,NRD,,,T1email,T1SMS,RMFooter1,,1,,0,3
Tracked 24,VDNAP,NRD,,,T1email,T1SMS,RMFooter1,,1,,0,3
Tracked 24,VDNLT,NRD,,,T1email,T1SMS,RMFooter1,,1,,0,3
Tracked 24,VDNMI,NRD,,,T1email,T1SMS,RMFooter1,,1,,0,3
Tracked 48,PDNAP,NOM,,,ONWAY_EMAIL,ONWAY_SMS,RMFooter1,,1,,0,3
Tracked 48,PDNMI,NOM,,,ONWAY_EMAIL,ONWAY_SMS,RMFooter1,,1,,0,3
Tracked 48,PDPEI,NOM,,,ONWAY_EMAIL,ONWAY_SMS,RMFooter1,,1,,0,3
Tracked 48,PDRNF,NOM,,,ONWAY_EMAIL,ONWAY_SMS,RMFooter1,,1,,0,3
Tracked 48,PDSEI,NOM,,,ONWAY_EMAIL,ONWAY_SMS,RMFooter1,,1,,0,3
Tracked 48,PDSMI,NOM,,,ONWAY_EMAIL,ONWAY_SMS,RMFooter1,,1,,0,3
Tracked 48,VDADX,NRD,,,T1email,T1SMS,RMFooter1,,1,,0,3
Tracked 48,VDNAP,NRD,,,T1email,T1SMS,RMFooter1,,1,,0,3
Tracked 48,VDNLT,NRD,,,T1email,T1SMS,RMFooter1,,1,,0,3
Tracked 48,VDNMI,NRD,,,T1email,T1SMS,RMFooter1,,1,,0,3
Special Delivery Guaranteed 1pm,PRSDC,NON,,,None,None,RMFooter1,,1,,1,1
Special Delivery Guaranteed 1pm,PRSEU,NON,,,None,None,RMFooter1,,1,,1,1
Special Delivery Guaranteed 1pm,SRSDC,NON,,,None,None,RMFooter1,,1,,1,1
Special Delivery Guaranteed 1pm,SRSEU,NON,,,None,None,RMFooter1,,1,,1,1
Special Delivery Guaranteed 9am,PRSDC,NON,,,None,None,RMFooter1,,1,,1,1
Special Delivery Guaranteed 9am,PRSEU,NON,,,None,None,RMFooter1,,1,,1,1
Special Delivery Guaranteed 9am,SRSDC,NON,,,None,None,RMFooter1,,1,,1,1
Special Delivery Guaranteed 9am,SRSEU,NON,,,None,None,RMFooter1,,1,,1,1
Tracked 24,EVBMI,NPR,,,PROBLEM_EMAIL,PROBLEM_SMS,RMFooter1,,1,,0,3
Tracked 24,EVCMI,NPR,,,PROBLEM_EMAIL,PROBLEM_SMS,RMFooter1,,1,,0,3
Tracked 24,EVCPI,NPR,,,PROBLEM_EMAIL,PROBLEM_SMS,RMFooter1,,1,,0,3
Tracked 24,EVDMI,NPR,,,PROBLEM_EMAIL,PROBLEM_SMS,RMFooter1,,1,,0,3
Tracked 24,EVGMI,NPR,,,PROBLEM_EMAIL,PROBLEM_SMS,RMFooter1,,1,,0,3
Tracked 24,EVIMI,NPR,,,PROBLEM_EMAIL,PROBLEM_SMS,RMFooter1,,1,,0,3
Tracked 24,EVIPI,NPR,,,PROBLEM_EMAIL,PROBLEM_SMS,RMFooter1,,1,,0,3
Tracked 24,EVOMI,NPR,,,PROBLEM_EMAIL,PROBLEM_SMS,RMFooter1,,1,,0,3
Tracked 24,EVNMC,NPR,,,PROBLEM_EMAIL,PROBLEM_SMS,RMFooter1,,1,,0,3
Tracked 24,EVNWA,NPR,,,PROBLEM_EMAIL,PROBLEM_SMS,RMFooter1,,1,,0,3
Tracked 24,PRADC,NON,,,None,None,RMFooter1,,1,,0,3
Tracked 24,PRADX,NON,,,None,None,RMFooter1,,1,,0,3
Tracked 24,PRASU,NON,,,None,None,RMFooter1,,1,,0,3
Tracked 24,PRNEX,NON,,,None,None,RMFooter1,,1,,0,3
Tracked 24,SRADC,NON,,,None,None,RMFooter1,,1,,0,3
Tracked 24,SRADX,NON,,,None,None,RMFooter1,,1,,0,3
Tracked 24,SRASU,NON,,,None,None,RMFooter1,,1,,0,3
Tracked 48,PRADC,NON,,,None,None,RMFooter1,,1,,0,3
Tracked 48,PRADX,NON,,,None,None,RMFooter1,,1,,0,3
Tracked 48,PRASU,NON,,,None,None,RMFooter1,,1,,0,3
Tracked 48,PRNEX,NON,,,None,None,RMFooter1,,1,,0,3
Tracked 48,SRADC,NON,,,None,None,RMFooter1,,1,,0,3
Tracked 48,SRADX,NON,,,None,None,RMFooter1,,1,,0,3
Tracked 48,SRASU,NON,,,None,None,RMFooter1,,1,,0,3
Tracked 24,PDADC,NPB,,,PDD_BYTIME_EMAIL,PDD_BYTIME_SMS,RMFooter1,,1,,0,3
Tracked 24,VDADC,NVB,,,VEDWR_BYTIME_EMAIL,VEDWR_BYTIME_SMS,RMFooter1,,1,,0,3
Tracked 48,PDADC,NPB,,,PDD_BYTIME_EMAIL,PDD_BYTIME_SMS,RMFooter1,,1,,0,3
Tracked 48,VDADC,NVB,,,VEDWR_BYTIME_EMAIL,VEDWR_BYTIME_SMS,RMFooter1,,1,,0,3
Tracked 24,PDADX,NPE,,,PDD_EMAIL,PDD_SMS,RMFooter1,,1,,0,3
Tracked 24,PPADC,NPE,,,PDD_EMAIL,PDD_SMS,RMFooter1,,1,,0,3
Tracked 24,PPADX,NPE,,,PDD_EMAIL,PDD_SMS,RMFooter1,,1,,0,3
Tracked 24,PPASU,NPE,,,PDD_EMAIL,PDD_SMS,RMFooter1,,1,,0,3
Tracked 24,PPNEX,NON,,,None,None,RMFooter1,,1,,0,3
Tracked 48,PDADX,NPE,,,PDD_EMAIL,PDD_SMS,RMFooter1,,1,,0,3
Tracked 48,EVBMI,NPR,,,PROBLEM_EMAIL,PROBLEM_SMS,RMFooter1,,1,,0,3
Tracked 48,EVCMI,NPR,,,PROBLEM_EMAIL,PROBLEM_SMS,RMFooter1,,1,,0,3
Tracked 48,EVCPI,NPR,,,PROBLEM_EMAIL,PROBLEM_SMS,RMFooter1,,1,,0,3
Tracked 48,EVDMI,NPR,,,PROBLEM_EMAIL,PROBLEM_SMS,RMFooter1,,1,,0,3
Tracked 48,EVGMI,NPR,,,PROBLEM_EMAIL,PROBLEM_SMS,RMFooter1,,1,,0,3
Tracked 48,EVIMI,NPR,,,PROBLEM_EMAIL,PROBLEM_SMS,RMFooter1,,1,,0,3
Tracked 48,EVIPI,NPR,,,PROBLEM_EMAIL,PROBLEM_SMS,RMFooter1,,1,,0,3
Tracked 48,EVOMI,NPR,,,PROBLEM_EMAIL,PROBLEM_SMS,RMFooter1,,1,,0,3
Tracked 48,EVNMC,NPR,,,PROBLEM_EMAIL,PROBLEM_SMS,RMFooter1,,1,,0,3
Tracked 48,EVNWA,NPR,,,PROBLEM_EMAIL,PROBLEM_SMS,RMFooter1,,1,,0,3
Tracked 48,PPADC,NPE,,,PDD_EMAIL,PDD_SMS,RMFooter1,,1,,0,3
Tracked 48,PPADX,NPE,,,PDD_EMAIL,PDD_SMS,RMFooter1,,1,,0,3
Tracked 48,PPASU,NPE,,,PDD_EMAIL,PDD_SMS,RMFooter1,,1,,0,3
Tracked 48,PPNEX,NON,,,None,None,RMFooter1,,1,,0,3
Tracked 24,VDASU,NVV,,,VEDWR_EMAIL,VEDWR_SMS,RMFooter1,,1,,0,3
Tracked 48,VDASU,NVV,,,VEDWR_EMAIL,VEDWR_SMS,RMFooter1,,1,,0,3
Tracked 24,PDASU,NPV,,,PDD_VEDWA_EMAIL,PDD_VEDWA_SMS,RMFooter1,,1,,0,3
Tracked 48,PDASU,NPV,,,PDD_VEDWA_EMAIL,PDD_VEDWA_SMS,RMFooter1,,1,,0,3
Special Delivery Guaranteed 1pm,PDSDC,NSB,,,SDG_PDD_BYTIME_EMAIL,PDD_BYTIME_SMS,RMFooter1,,3,,0,1
Special Delivery Guaranteed 1pm,PDSEU,NSB,,,SDG_PDD_BYTIME_EMAIL,PDD_BYTIME_SMS,RMFooter1,,3,,0,1
Special Delivery Guaranteed 1pm,VDSDC,NSV,,,SDG_VEDWR_BYTIME_EMAIL,VEDWR_BYTIME_SMS,RMFooter1,,3,,0,1
Special Delivery Guaranteed 1pm,VDSEU,NSV,,,SDG_VEDWR_BYTIME_EMAIL,VEDWR_BYTIME_SMS,RMFooter1,,3,,0,1
Special Delivery Guaranteed 9am,PDSDC,NSB,,,SDG_PDD_BYTIME_EMAIL,PDD_BYTIME_SMS,RMFooter1,,3,,0,1
Special Delivery Guaranteed 9am,PDSEU,NSB,,,SDG_PDD_BYTIME_EMAIL,PDD_BYTIME_SMS,RMFooter1,,3,,0,1
Special Delivery Guaranteed 9am,VDSDC,NSV,,,SDG_VEDWR_BYTIME_EMAIL,VEDWR_BYTIME_SMS,RMFooter1,,3,,0,1
Special Delivery Guaranteed 9am,VDSEU,NSV,,,SDG_VEDWR_BYTIME_EMAIL,VEDWR_BYTIME_SMS,RMFooter1,,3,,0,1
Special Delivery Guaranteed 1pm,PPSDC,NSD,,,SDG_PDD_EMAIL,PDD_SMS,RMFooter1,,3,,0,1
Special Delivery Guaranteed 1pm,PPSEU,NSD,,,SDG_PDD_EMAIL,PDD_SMS,RMFooter1,,3,,0,1
Special Delivery Guaranteed 9am,PPSDC,NSD,,,SDG_PDD_EMAIL,PDD_SMS,RMFooter1,,3,,0,1
Special Delivery Guaranteed 9am,PPSEU,NSD,,,SDG_PDD_EMAIL,PDD_SMS,RMFooter1,,3,,0,1
Special Delivery Guaranteed 1pm,SDSDC,NSS,,,SDG_SUNDAY_PDD_BYTIME_EMAIL,SUNDAY_PDD_BYTIME_SMS,RMFooter1,,3,,0,1
Special Delivery Guaranteed 1pm,SDSEU,NSS,,,SDG_SUNDAY_PDD_BYTIME_EMAIL,SUNDAY_PDD_BYTIME_SMS,RMFooter1,,3,,0,1
Special Delivery Guaranteed 1pm,SPSDC,NSS,,,SDG_SUNDAY_PDD_EMAIL,SUNDAY_PDD_SMS,RMFooter1,,3,,0,1
Special Delivery Guaranteed 1pm,SPSEU,NSS,,,SDG_SUNDAY_PDD_EMAIL,SUNDAY_PDD_SMS,RMFooter1,,3,,0,1
Special Delivery Guaranteed 9am,SDSDC,NSS,,,SDG_SUNDAY_PDD_BYTIME_EMAIL,SUNDAY_PDD_BYTIME_SMS,RMFooter1,,3,,0,1
Special Delivery Guaranteed 9am,SDSEU,NSS,,,SDG_SUNDAY_PDD_BYTIME_EMAIL,SUNDAY_PDD_BYTIME_SMS,RMFooter1,,3,,0,1
Special Delivery Guaranteed 9am,SPSDC,NSS,,,SDG_SUNDAY_PDD_EMAIL,SUNDAY_PDD_SMS,RMFooter1,,3,,0,1
Special Delivery Guaranteed 9am,SPSEU,NSS,,,SDG_SUNDAY_PDD_EMAIL,SUNDAY_PDD_SMS,RMFooter1,,3,,0,1
Tracked 24,SDADC,NSU,,,SUNDAY_PDD_BYTIME_EMAIL,SUNDAY_PDD_BYTIME_SMS,RMFooter1,,1,,0,3
Tracked 24,SDADX,NSU,,,SUNDAY_PDD_EMAIL,SUNDAY_PDD_SMS,RMFooter1,,1,,0,3
Tracked 24,SDASU,NSU,,,SUNDAY_PDD_VEDWA_EMAIL,SUNDAY_PDD_VEDWA_SMS,RMFooter1,,1,,0,3
Tracked 24,SPADC,NSU,,,SUNDAY_PDD_EMAIL,SUNDAY_PDD_SMS,RMFooter1,,1,,0,3
Tracked 24,SPADX,NSU,,,SUNDAY_PDD_EMAIL,SUNDAY_PDD_SMS,RMFooter1,,1,,0,3
Tracked 24,SPASU,NSU,,,SUNDAY_PDD_EMAIL,SUNDAY_PDD_SMS,RMFooter1,,1,,0,3
Tracked 48,SDADC,NSU,,,SUNDAY_PDD_BYTIME_EMAIL,SUNDAY_PDD_BYTIME_SMS,RMFooter1,,1,,0,3
Tracked 48,SDADX,NSU,,,SUNDAY_PDD_EMAIL,SUNDAY_PDD_SMS,RMFooter1,,1,,0,3
Tracked 48,SDASU,NSU,,,SUNDAY_PDD_VEDWA_EMAIL,SUNDAY_PDD_VEDWA_SMS,RMFooter1,,1,,0,3
Tracked 48,SPADC,NSU,,,SUNDAY_PDD_EMAIL,SUNDAY_PDD_SMS,RMFooter1,,1,,0,3
Tracked 48,SPADX,NSU,,,SUNDAY_PDD_EMAIL,SUNDAY_PDD_SMS,RMFooter1,,1,,0,3
Tracked 48,SPASU,NSU,,,SUNDAY_PDD_EMAIL,SUNDAY_PDD_SMS,RMFooter1,,1,,0,3
Special Delivery Guaranteed 1pm,EVOLB,NPR,,,SDG_PROBLEM_EMAIL,PROBLEM_SMS,RMFooter1,,3,,0,1
Special Delivery Guaranteed 9am,EVOLB,NPR,,,SDG_PROBLEM_EMAIL,PROBLEM_SMS,RMFooter1,,3,,0,1
Tracked 24,EVOLB,NPR,,,PROBLEM_EMAIL,PROBLEM_SMS,RMFooter1,,1,,0,3
Tracked 48,EVOLB,NPR,,,PROBLEM_EMAIL,PROBLEM_SMS,RMFooter1,,1,,0,3
Special Delivery Guaranteed 1pm,EVOOC,NPR,,,SDG_PROBLEM_EMAIL,PROBLEM_SMS,RMFooter1,,3,,0,1
Special Delivery Guaranteed 9am,EVOOC,NPR,,,SDG_PROBLEM_EMAIL,PROBLEM_SMS,RMFooter1,,3,,0,1
Tracked 24,EVOOC,NPR,,,PROBLEM_EMAIL,PROBLEM_SMS,RMFooter1,,1,,0,3
Tracked 48,EVOOC,NPR,,,PROBLEM_EMAIL,PROBLEM_SMS,RMFooter1,,1,,0,3
Special Delivery Guaranteed 1pm,EVNMI,NPR,,,SDG_PROBLEM_EMAIL,PROBLEM_SMS,RMFooter1,,3,,0,1
Special Delivery Guaranteed 9am,EVNMI,NPR,,,SDG_PROBLEM_EMAIL,PROBLEM_SMS,RMFooter1,,3,,0,1
Tracked 24,EVNMI,NPR,,,PROBLEM_EMAIL,PROBLEM_SMS,RMFooter1,,1,,0,3
Tracked 48,EVNMI,NPR,,,PROBLEM_EMAIL,PROBLEM_SMS,RMFooter1,,1,,0,3
Special Delivery Guaranteed 1pm,EVDSA,NPD,,,SDG_RTS_PRE_DELIVERY_EMAIL,RTS_PRE_DELIVERY_SMS,RMFooter1,,3,,0,1
Special Delivery Guaranteed 9am,EVDSA,NPD,,,SDG_RTS_PRE_DELIVERY_EMAIL,RTS_PRE_DELIVERY_SMS,RMFooter1,,3,,0,1
Tracked 24,EVDSA,NPD,,,RTS_PRE_DELIVERY_EMAIL,RTS_PRE_DELIVERY_SMS,RMFooter1,,1,,0,3
Tracked 48,EVDSA,NPD,,,RTS_PRE_DELIVERY_EMAIL,RTS_PRE_DELIVERY_SMS,RMFooter1,,1,,0,3
Special Delivery Guaranteed 1pm,EVDRB,NPD,,,SDG_RTS_PRE_DELIVERY_EMAIL,RTS_PRE_DELIVERY_SMS,RMFooter1,,3,,0,1
Special Delivery Guaranteed 9am,EVDRB,NPD,,,SDG_RTS_PRE_DELIVERY_EMAIL,RTS_PRE_DELIVERY_SMS,RMFooter1,,3,,0,1
Tracked 24,EVDRB,NPD,,,RTS_PRE_DELIVERY_EMAIL,RTS_PRE_DELIVERY_SMS,RMFooter1,,1,,0,3
Tracked 48,EVDRB,NPD,,,RTS_PRE_DELIVERY_EMAIL,RTS_PRE_DELIVERY_SMS,RMFooter1,,1,,0,3
Special Delivery Guaranteed 1pm,EVDRA,NPD,,,SDG_RTS_PRE_DELIVERY_EMAIL,RTS_PRE_DELIVERY_SMS,RMFooter1,,3,,0,1
Special Delivery Guaranteed 9am,EVDRA,NPD,,,SDG_RTS_PRE_DELIVERY_EMAIL,RTS_PRE_DELIVERY_SMS,RMFooter1,,3,,0,1
Tracked 24,EVDRA,NPD,,,RTS_PRE_DELIVERY_EMAIL,RTS_PRE_DELIVERY_SMS,RMFooter1,,1,,0,3
Tracked 48,EVDRA,NPD,,,RTS_PRE_DELIVERY_EMAIL,RTS_PRE_DELIVERY_SMS,RMFooter1,,1,,0,3
Special Delivery Guaranteed 1pm,EVBRA,NPD,,,SDG_RTS_PRE_DELIVERY_EMAIL,RTS_PRE_DELIVERY_SMS,RMFooter1,,3,,0,1
Special Delivery Guaranteed 9am,EVBRA,NPD,,,SDG_RTS_PRE_DELIVERY_EMAIL,RTS_PRE_DELIVERY_SMS,RMFooter1,,3,,0,1
Tracked 24,EVBRA,NPD,,,RTS_PRE_DELIVERY_EMAIL,RTS_PRE_DELIVERY_SMS,RMFooter1,,1,,0,3
Tracked 48,EVBRA,NPD,,,RTS_PRE_DELIVERY_EMAIL,RTS_PRE_DELIVERY_SMS,RMFooter1,,1,,0,3
Special Delivery Guaranteed 1pm,EVBRB,NPD,,,SDG_RTS_PRE_DELIVERY_EMAIL,RTS_PRE_DELIVERY_SMS,RMFooter1,,3,,0,1
Special Delivery Guaranteed 9am,EVBRB,NPD,,,SDG_RTS_PRE_DELIVERY_EMAIL,RTS_PRE_DELIVERY_SMS,RMFooter1,,3,,0,1
Tracked 24,EVBRB,NPD,,,RTS_PRE_DELIVERY_EMAIL,RTS_PRE_DELIVERY_SMS,RMFooter1,,1,,0,3
Tracked 48,EVBRB,NPD,,,RTS_PRE_DELIVERY_EMAIL,RTS_PRE_DELIVERY_SMS,RMFooter1,,1,,0,3
Special Delivery Guaranteed 1pm,EVBRT,NPD,,,SDG_RTS_PRE_DELIVERY_EMAIL,RTS_PRE_DELIVERY_SMS,RMFooter1,,3,,0,1
Special Delivery Guaranteed 9am,EVBRT,NPD,,,SDG_RTS_PRE_DELIVERY_EMAIL,RTS_PRE_DELIVERY_SMS,RMFooter1,,3,,0,1
Tracked 24,EVBRT,NPD,,,RTS_PRE_DELIVERY_EMAIL,RTS_PRE_DELIVERY_SMS,RMFooter1,,1,,0,3
Tracked 48,EVBRT,NPD,,,RTS_PRE_DELIVERY_EMAIL,RTS_PRE_DELIVERY_SMS,RMFooter1,,1,,0,3
Special Delivery Guaranteed 1pm,EVBSA,NPD,,,SDG_RTS_PRE_DELIVERY_EMAIL,RTS_PRE_DELIVERY_SMS,RMFooter1,,3,,0,1
Special Delivery Guaranteed 9am,EVBSA,NPD,,,SDG_RTS_PRE_DELIVERY_EMAIL,RTS_PRE_DELIVERY_SMS,RMFooter1,,3,,0,1
Tracked 24,EVBSA,NPD,,,RTS_PRE_DELIVERY_EMAIL,RTS_PRE_DELIVERY_SMS,RMFooter1,,1,,0,3
Tracked 48,EVBSA,NPD,,,RTS_PRE_DELIVERY_EMAIL,RTS_PRE_DELIVERY_SMS,RMFooter1,,1,,0,3
Special Delivery Guaranteed 1pm,EVCRB,NPD,,,SDG_RTS_PRE_DELIVERY_EMAIL,RTS_PRE_DELIVERY_SMS,RMFooter1,,3,,0,1
Special Delivery Guaranteed 9am,EVCRB,NPD,,,SDG_RTS_PRE_DELIVERY_EMAIL,RTS_PRE_DELIVERY_SMS,RMFooter1,,3,,0,1
Tracked 24,EVCRB,NPD,,,RTS_PRE_DELIVERY_EMAIL,RTS_PRE_DELIVERY_SMS,RMFooter1,,1,,0,3
Tracked 48,EVCRB,NPD,,,RTS_PRE_DELIVERY_EMAIL,RTS_PRE_DELIVERY_SMS,RMFooter1,,1,,0,3
Special Delivery Guaranteed 1pm,EVCRA,NPD,,,SDG_RTS_PRE_DELIVERY_EMAIL,RTS_PRE_DELIVERY_SMS,RMFooter1,,3,,0,1
Special Delivery Guaranteed 9am,EVCRA,NPD,,,SDG_RTS_PRE_DELIVERY_EMAIL,RTS_PRE_DELIVERY_SMS,RMFooter1,,3,,0,1
Tracked 24,EVCRA,NPD,,,RTS_PRE_DELIVERY_EMAIL,RTS_PRE_DELIVERY_SMS,RMFooter1,,1,,0,3
Tracked 48,EVCRA,NPD,,,RTS_PRE_DELIVERY_EMAIL,RTS_PRE_DELIVERY_SMS,RMFooter1,,1,,0,3
Special Delivery Guaranteed 1pm,EVCPA,NPD,,,SDG_RTS_PRE_DELIVERY_EMAIL,RTS_PRE_DELIVERY_SMS,RMFooter1,,3,,0,1
Special Delivery Guaranteed 9am,EVCPA,NPD,,,SDG_RTS_PRE_DELIVERY_EMAIL,RTS_PRE_DELIVERY_SMS,RMFooter1,,3,,0,1
Tracked 24,EVCPA,NPD,,,RTS_PRE_DELIVERY_EMAIL,RTS_PRE_DELIVERY_SMS,RMFooter1,,1,,0,3
Tracked 48,EVCPA,NPD,,,RTS_PRE_DELIVERY_EMAIL,RTS_PRE_DELIVERY_SMS,RMFooter1,,1,,0,3
Special Delivery Guaranteed 1pm,EVIPA,NPD,,,SDG_RTS_PRE_DELIVERY_EMAIL,RTS_PRE_DELIVERY_SMS,RMFooter1,,3,,0,1
Special Delivery Guaranteed 9am,EVIPA,NPD,,,SDG_RTS_PRE_DELIVERY_EMAIL,RTS_PRE_DELIVERY_SMS,RMFooter1,,3,,0,1
Tracked 24,EVIPA,NPD,,,RTS_PRE_DELIVERY_EMAIL,RTS_PRE_DELIVERY_SMS,RMFooter1,,1,,0,3
Tracked 48,EVIPA,NPD,,,RTS_PRE_DELIVERY_EMAIL,RTS_PRE_DELIVERY_SMS,RMFooter1,,1,,0,3
Special Delivery Guaranteed 1pm,EVNLR,NPD,,,SDG_RTS_PRE_DELIVERY_EMAIL,RTS_PRE_DELIVERY_SMS,RMFooter1,,3,,0,1
Special Delivery Guaranteed 9am,EVNLR,NPD,,,SDG_RTS_PRE_DELIVERY_EMAIL,RTS_PRE_DELIVERY_SMS,RMFooter1,,3,,0,1
Tracked 24,EVNLR,NPD,,,RTS_PRE_DELIVERY_EMAIL,RTS_PRE_DELIVERY_SMS,RMFooter1,,1,,0,3
Tracked 48,EVNLR,NPD,,,RTS_PRE_DELIVERY_EMAIL,RTS_PRE_DELIVERY_SMS,RMFooter1,,1,,0,3
Special Delivery Guaranteed 1pm,EVNRF,NPD,,,SDG6email,SDG6SMS,RMFooter1,,1,,0,1
Special Delivery Guaranteed 9am,EVNRF,NPD,,,SDG6email,SDG6SMS,RMFooter1,,1,,0,1
Tracked 24,EVNGA,NPD,,,T7email,T7SMS,RMFooter1,,1,,0,1
Special Delivery Guaranteed 1pm,EVNLA,NPD,,,SDG_RTS_PRE_DELIVERY_EMAIL,RTS_PRE_DELIVERY_SMS,RMFooter1,,3,,0,1
Special Delivery Guaranteed 9am,EVNLA,NPD,,,SDG_RTS_PRE_DELIVERY_EMAIL,RTS_PRE_DELIVERY_SMS,RMFooter1,,3,,0,1
Tracked 24,EVNLA,NPD,,,RTS_PRE_DELIVERY_EMAIL,RTS_PRE_DELIVERY_SMS,RMFooter1,,1,,0,3
Tracked 48,EVNLA,NPD,,,RTS_PRE_DELIVERY_EMAIL,RTS_PRE_DELIVERY_SMS,RMFooter1,,1,,0,3
Special Delivery Guaranteed 1pm,EVNLG,NPD,,,SDG_RTS_PRE_DELIVERY_EMAIL,RTS_PRE_DELIVERY_SMS,RMFooter1,,3,,0,1
Special Delivery Guaranteed 9am,EVNLG,NPD,,,SDG_RTS_PRE_DELIVERY_EMAIL,RTS_PRE_DELIVERY_SMS,RMFooter1,,3,,0,1
Tracked 24,EVNLG,NPD,,,RTS_PRE_DELIVERY_EMAIL,RTS_PRE_DELIVERY_SMS,RMFooter1,,1,,0,3
Tracked 48,EVNLG,NPD,,,RTS_PRE_DELIVERY_EMAIL,RTS_PRE_DELIVERY_SMS,RMFooter1,,1,,0,3
Special Delivery Guaranteed 1pm,EVNAI,NPD,,,SDG6email,SDG6SMS,RMFooter1,,1,,0,1
Special Delivery Guaranteed 9am,EVNAI,NPD,,,SDG6email,SDG6SMS,RMFooter1,,1,,0,1
Tracked 24,EVNRF,NPD,,,T7email,T7SMS,RMFooter1,,1,,0,1
Special Delivery Guaranteed 1pm,EVNGA,NPD,,,SDG6email,SDG6SMS,RMFooter1,,1,,0,1
Special Delivery Guaranteed 9am,EVNGA,NPD,,,SDG6email,SDG6SMS,RMFooter1,,1,,0,1
Tracked 48,EVNAI,NPD,,,T7email,T7SMS,RMFooter1,,1,,0,1
Tracked 48,EVNGA,NPD,,,T7email,T7SMS,RMFooter1,,1,,0,1
Tracked 48,EVNRF,NPD,,,T7email,T7SMS,RMFooter1,,1,,0,1
Tracked 24,EVNAC,NON,,,None,None,RMFooter1,,1,,0,3
Tracked 48,EVNAC,NON,,,None,None,RMFooter1,,1,,0,3
Tracked 24,PDNEX,NPE,,,PDD_EMAIL,PDD_SMS,RMFooter1,,1,,0,3
Tracked 48,PDNEX,NPE,,,PDD_EMAIL,PDD_SMS,RMFooter1,,1,,0,3
Special Delivery Guaranteed 1pm,PDNEX,NAS,,,SDG8email,SDG8SMS,RMFooter1,,1,,0,1
Special Delivery Guaranteed 9am,PDNEX,NAS,,,SDG0email,SDG0SMS,RMFooter1,,1,,0,1
Tracked 24,VDNEX,NRD,,,T1email,T1SMS,RMFooter1,,1,,0,3
Tracked 48,VDNEX,NRD,,,T1email,T1SMS,RMFooter1,,1,,0,3
Special Delivery Guaranteed 9am,VDNEX,NRD,,,SDG1email,SDG1SMS,RMFooter1,,1,,0,1
Special Delivery Guaranteed 1pm,VDNEX,NRD,,,SDG9email,SDG9SMS,RMFooter1,,1,,0,1
Tracked 24 Non Account,EVKNA,NUN,,,TOL5email,TOL5SMS,RMFooter1,,1,,0,0
Tracked 24 Non Account,EVNAI,NPD,,,TOL7Email,TOL7SMS,RMFooter1,,1,,0,0
Tracked 24 Non Account,EDADC,NRD,,,TOL_VEDWR_BYTIME_EMAIL,TOL_VEDWR_BYTIME_SMS,RMFooter1,,1,,1,3
Tracked 48 Non Account,EDADC,NRD,,,TOL_VEDWR_BYTIME_EMAIL,TOL_VEDWR_BYTIME_SMS,RMFooter1,,1,,1,3
Tracked 24 Non Account,EDASU,NRD,,,TOL_VEDWR_EMAIL,TOL_VEDWR_SMS,RMFooter1,,1,,1,3
Tracked 48 Non Account,EDASU,NRD,,,TOL_VEDWR_EMAIL,TOL_VEDWR_SMS,RMFooter1,,1,,1,3
Tracked 24 Non Account,PDNAP,NOM,,,TOL_ONWAY_EMAIL,TOL_ONWAY_SMS,RMFooter1,,1,,0,3
Tracked 24 Non Account,PDNMI,NOM,,,TOL_ONWAY_EMAIL,TOL_ONWAY_SMS,RMFooter1,,1,,0,3
Tracked 24 Non Account,PDPEI,NOM,,,TOL_ONWAY_EMAIL,TOL_ONWAY_SMS,RMFooter1,,1,,0,3
Tracked 24 Non Account,PDRNF,NON,,,None,None,RMFooter1,,1,,1,0
Tracked 24 Non Account,PDSEI,NOM,,,TOL_ONWAY_EMAIL,TOL_ONWAY_SMS,RMFooter1,,1,,0,3
Tracked 24 Non Account,PDSMI,NOM,,,TOL_ONWAY_EMAIL,TOL_ONWAY_SMS,RMFooter1,,1,,0,3
Tracked 24 Non Account,VDADX,NRD,,,TOL1email,TOL1SMS,RMFooter1,,1,,1,0
Tracked 24 Non Account,VDNAP,NRD,,,TOL1email,TOL1SMS,RMFooter1,,1,,1,0
Tracked 24 Non Account,VDNLT,NRD,,,TOL1email,TOL1SMS,RMFooter1,,1,,1,0
Tracked 24 Non Account,VDNMI,NRD,,,TOL1email,TOL1SMS,RMFooter1,,1,,1,0
Tracked 48 Non Account,PDNAP,NOM,,,TOL_ONWAY_EMAIL,TOL_ONWAY_SMS,RMFooter1,,1,,0,3
Tracked 48 Non Account,PDNMI,NOM,,,TOL_ONWAY_EMAIL,TOL_ONWAY_SMS,RMFooter1,,1,,0,3
Tracked 48 Non Account,PDPEI,NOM,,,TOL_ONWAY_EMAIL,TOL_ONWAY_SMS,RMFooter1,,1,,0,3
Tracked 48 Non Account,PDRNF,NON,,,None,None,RMFooter1,,1,,1,0
Tracked 48 Non Account,PDSEI,NOM,,,TOL_ONWAY_EMAIL,TOL_ONWAY_SMS,RMFooter1,,1,,0,3
Tracked 48 Non Account,PDSMI,NOM,,,TOL_ONWAY_EMAIL,TOL_ONWAY_SMS,RMFooter1,,1,,0,3
Tracked 48 Non Account,VDADX,NRD,,,TOL1email,TOL1SMS,RMFooter1,,1,,1,0
Tracked 48 Non Account,VDNAP,NRD,,,TOL1email,TOL1SMS,RMFooter1,,1,,1,0
Tracked 48 Non Account,VDNLT,NRD,,,TOL1email,TOL1SMS,RMFooter1,,1,,1,0
Tracked 48 Non Account,VDNMI,NRD,,,TOL1email,TOL1SMS,RMFooter1,,1,,1,0
Tracked 24 Non Account,EVBMI,NPR,,,None,None,RMFooter1,,1,,1,0
Tracked 24 Non Account,EVCMI,NPR,,,None,None,RMFooter1,,1,,1,0
Tracked 24 Non Account,EVCPI,NPR,,,None,None,RMFooter1,,1,,1,0
Tracked 24 Non Account,EVDMI,NPR,,,None,None,RMFooter1,,1,,1,0
Tracked 24 Non Account,EVGMI,NPR,,,None,None,RMFooter1,,1,,1,0
Tracked 24 Non Account,EVIMI,NPR,,,None,None,RMFooter1,,1,,1,0
Tracked 24 Non Account,EVIPI,NPR,,,None,None,RMFooter1,,1,,1,0
Tracked 24 Non Account,EVOMI,NPR,,,None,None,RMFooter1,,1,,1,0
Tracked 24 Non Account,EVNMC,NPR,,,None,None,RMFooter1,,1,,1,0
Tracked 24 Non Account,EVNWA,NPR,,,None,None,RMFooter1,,1,,1,0
Tracked 24 Non Account,PRADC,NON,,,None,None,RMFooter1,,1,,1,0
Tracked 24 Non Account,PRADX,NON,,,None,None,RMFooter1,,1,,1,0
Tracked 24 Non Account,PRASU,NON,,,None,None,RMFooter1,,1,,1,0
Tracked 24 Non Account,PRNEX,NON,,,None,None,RMFooter1,,1,,1,0
Tracked 24 Non Account,SRADC,NON,,,None,None,RMFooter1,,1,,1,0
Tracked 24 Non Account,SRADX,NON,,,None,None,RMFooter1,,1,,1,0
Tracked 24 Non Account,SRASU,NON,,,None,None,RMFooter1,,1,,1,0
Tracked 48 Non Account,PRADC,NON,,,None,None,RMFooter1,,1,,1,0
Tracked 48 Non Account,PRADX,NON,,,None,None,RMFooter1,,1,,1,0
Tracked 48 Non Account,PRASU,NON,,,None,None,RMFooter1,,1,,1,0
Tracked 48 Non Account,PRNEX,NON,,,None,None,RMFooter1,,1,,1,0
Tracked 48 Non Account,SRADC,NON,,,None,None,RMFooter1,,1,,1,0
Tracked 48 Non Account,SRADX,NON,,,None,None,RMFooter1,,1,,1,0
Tracked 48 Non Account,SRASU,NON,,,None,None,RMFooter1,,1,,1,0
Tracked 24 Non Account,PDADC,NPB,,,TOL_PDD_BYTIME_EMAIL,TOL_PDD_BYTIME_SMS,RMFooter1,,1,,0,3
Tracked 24 Non Account,VDADC,NVB,,,TOL_VEDWR_BYTIME_EMAIL,TOL_VEDWR_BYTIME_SMS,RMFooter1,,1,,0,3
Tracked 48 Non Account,PDADC,NPB,,,TOL_PDD_BYTIME_EMAIL,TOL_PDD_BYTIME_SMS,RMFooter1,,1,,0,3
Tracked 48 Non Account,VDADC,NVB,,,TOL_VEDWR_BYTIME_EMAIL,TOL_VEDWR_BYTIME_SMS,RMFooter1,,1,,0,3
Tracked 24 Non Account,PDADX,NPE,,,TOL_PDD_EMAIL,TOL_PDD_SMS,RMFooter1,,1,,0,3
Tracked 24 Non Account,PPADC,NPE,,,TOL_PDD_EMAIL,TOL_PDD_SMS,RMFooter1,,1,,0,3
Tracked 24 Non Account,PPADX,NPE,,,TOL_PDD_EMAIL,TOL_PDD_SMS,RMFooter1,,1,,0,3
Tracked 24 Non Account,PPASU,NPE,,,TOL_PDD_EMAIL,TOL_PDD_SMS,RMFooter1,,1,,0,3
Tracked 24 Non Account,PPNEX,NON,,,None,None,RMFooter1,,1,,1,0
Tracked 48 Non Account,PDADX,NPE,,,TOL_PDD_EMAIL,TOL_PDD_SMS,RMFooter1,,1,,0,3
Tracked 48 Non Account,EVBMI,NPR,,,None,None,RMFooter1,,1,,1,0
Tracked 48 Non Account,EVCMI,NPR,,,None,None,RMFooter1,,1,,1,0
Tracked 48 Non Account,EVCPI,NPR,,,None,None,RMFooter1,,1,,1,0
Tracked 48 Non Account,EVDMI,NPR,,,None,None,RMFooter1,,1,,1,0
Tracked 48 Non Account,EVGMI,NPR,,,None,None,RMFooter1,,1,,1,0
Tracked 48 Non Account,EVIMI,NPR,,,None,None,RMFooter1,,1,,1,0
Tracked 48 Non Account,EVIPI,NPR,,,None,None,RMFooter1,,1,,1,0
Tracked 48 Non Account,EVOMI,NPR,,,None,None,RMFooter1,,1,,1,0
Tracked 48 Non Account,EVNMC,NPR,,,None,None,RMFooter1,,1,,1,0
Tracked 48 Non Account,EVNWA,NPR,,,None,None,RMFooter1,,1,,1,0
Tracked 48 Non Account,PPADC,NPE,,,TOL_PDD_EMAIL,TOL_PDD_SMS,RMFooter1,,1,,0,3
Tracked 48 Non Account,PPADX,NPE,,,TOL_PDD_EMAIL,TOL_PDD_SMS,RMFooter1,,1,,0,3
Tracked 48 Non Account,PPASU,NPE,,,TOL_PDD_EMAIL,TOL_PDD_SMS,RMFooter1,,1,,0,3
Tracked 48 Non Account,PPNEX,NON,,,None,None,RMFooter1,,1,,1,0
Tracked 24 Non Account,VDASU,NVV,,,TOL_VEDWR_EMAIL,TOL_VEDWR_SMS,RMFooter1,,1,,0,3
Tracked 48 Non Account,VDASU,NVV,,,TOL_VEDWR_EMAIL,TOL_VEDWR_SMS,RMFooter1,,1,,0,3
Tracked 24 Non Account,PDASU,NPV,,,TOL_PDD_VEDWA_EMAIL,TOL_PDD_VEDWA_SMS,RMFooter1,,1,,0,3
Tracked 48 Non Account,PDASU,NPV,,,TOL_PDD_VEDWA_EMAIL,TOL_PDD_VEDWA_SMS,RMFooter1,,1,,0,3
Tracked 24 Non Account,SDADC,NSU,,,TOL_SUNDAY_PDD_BYTIME_EMAIL,TOL_SUNDAY_PDD_BYTIME_SMS,RMFooter1,,1,,0,3
Tracked 24 Non Account,SDADX,NSU,,,TOL_SUNDAY_PDD_EMAIL,TOL_SUNDAY_PDD_SMS,RMFooter1,,1,,0,3
Tracked 24 Non Account,SDASU,NSU,,,None,None,RMFooter1,,1,,1,0
Tracked 24 Non Account,SPADC,NSU,,,TOL_SUNDAY_PDD_EMAIL,TOL_SUNDAY_PDD_SMS,RMFooter1,,1,,0,3
Tracked 24 Non Account,SPADX,NSU,,,TOL_SUNDAY_PDD_EMAIL,TOL_SUNDAY_PDD_SMS,RMFooter1,,1,,0,3
Tracked 24 Non Account,SPASU,NSU,,,TOL_SUNDAY_PDD_EMAIL,TOL_SUNDAY_PDD_SMS,RMFooter1,,1,,0,3
Tracked 48 Non Account,SDADC,NSU,,,TOL_SUNDAY_PDD_BYTIME_EMAIL,TOL_SUNDAY_PDD_BYTIME_SMS,RMFooter1,,1,,0,3
Tracked 48 Non Account,SDADX,NSU,,,TOL_SUNDAY_PDD_EMAIL,TOL_SUNDAY_PDD_SMS,RMFooter1,,1,,0,3
Tracked 48 Non Account,SDASU,NSU,,,None,None,RMFooter1,,1,,1,0
Tracked 48 Non Account,SPADC,NSU,,,TOL_SUNDAY_PDD_EMAIL,TOL_SUNDAY_PDD_SMS,RMFooter1,,1,,0,3
Tracked 48 Non Account,SPADX,NSU,,,TOL_SUNDAY_PDD_EMAIL,TOL_SUNDAY_PDD_SMS,RMFooter1,,1,,0,3
Tracked 48 Non Account,SPASU,NSU,,,TOL_SUNDAY_PDD_EMAIL,TOL_SUNDAY_PDD_SMS,RMFooter1,,1,,0,3
Tracked 24 Non Account,EVOLB,NPR,,,None,None,RMFooter1,,1,,1,0
Tracked 48 Non Account,EVOLB,NPR,,,None,None,RMFooter1,,1,,1,0
Tracked 24 Non Account,EVOOC,NPR,,,None,None,RMFooter1,,1,,1,0
Tracked 48 Non Account,EVOOC,NPR,,,None,None,RMFooter1,,1,,1,0
Tracked 24 Non Account,EVNMI,NPR,,,None,None,RMFooter1,,1,,1,0
Tracked 48 Non Account,EVNMI,NPR,,,None,None,RMFooter1,,1,,1,0
Tracked 24 Non Account,EVDSA,NPD,,,None,None,RMFooter1,,1,,1,0
Tracked 48 Non Account,EVDSA,NPD,,,None,None,RMFooter1,,1,,1,0
Tracked 24 Non Account,EVDRB,NPD,,,None,None,RMFooter1,,1,,1,0
Tracked 48 Non Account,EVDRB,NPD,,,None,None,RMFooter1,,1,,1,0
Tracked 24 Non Account,EVDRA,NPD,,,None,None,RMFooter1,,1,,1,0
Tracked 48 Non Account,EVDRA,NPD,,,None,None,RMFooter1,,1,,1,0
Tracked 24 Non Account,EVBRA,NPD,,,None,None,RMFooter1,,1,,1,0
Tracked 48 Non Account,EVBRA,NPD,,,None,None,RMFooter1,,1,,1,0
Tracked 24 Non Account,EVBRB,NPD,,,None,None,RMFooter1,,1,,1,0
Tracked 48 Non Account,EVBRB,NPD,,,None,None,RMFooter1,,1,,1,0
Tracked 24 Non Account,EVBRT,NPD,,,None,None,RMFooter1,,1,,1,0
Tracked 48 Non Account,EVBRT,NPD,,,None,None,RMFooter1,,1,,1,0
Tracked 24 Non Account,EVBSA,NPD,,,None,None,RMFooter1,,1,,1,0
Tracked 48 Non Account,EVBSA,NPD,,,None,None,RMFooter1,,1,,1,0
Tracked 24 Non Account,EVCRB,NPD,,,None,None,RMFooter1,,1,,1,0
Tracked 48 Non Account,EVCRB,NPD,,,None,None,RMFooter1,,1,,1,0
Tracked 24 Non Account,EVCRA,NPD,,,None,None,RMFooter1,,1,,1,0
Tracked 48 Non Account,EVCRA,NPD,,,None,None,RMFooter1,,1,,1,0
Tracked 24 Non Account,EVCPA,NPD,,,None,None,RMFooter1,,1,,1,0
Tracked 48 Non Account,EVCPA,NPD,,,None,None,RMFooter1,,1,,1,0
Tracked 24 Non Account,EVIPA,NPD,,,None,None,RMFooter1,,1,,1,0
Tracked 48 Non Account,EVIPA,NPD,,,None,None,RMFooter1,,1,,1,0
Tracked 24 Non Account,EVNLR,NPD,,,None,None,RMFooter1,,1,,1,0
Tracked 48 Non Account,EVNLR,NPD,,,None,None,RMFooter1,,1,,1,0
Tracked 24 Non Account,EVNGA,NPD,,,TOL7Email,TOL7SMS,RMFooter1,,1,,0,0
Tracked 24 Non Account,EVNLA,NPD,,,None,None,RMFooter1,,1,,1,0
Tracked 48 Non Account,EVNLA,NPD,,,None,None,RMFooter1,,1,,1,0
Tracked 24 Non Account,EVNLG,NPD,,,None,None,RMFooter1,,1,,1,0
Tracked 48 Non Account,EVNLG,NPD,,,None,None,RMFooter1,,1,,1,0
Tracked 24 Non Account,EVNRF,NPD,,,TOL7Email,TOL7SMS,RMFooter1,,1,,0,0
Tracked 48 Non Account,EVNAI,NPD,,,TOL7email,TOL7SMS,RMFooter1,,1,,0,0
Tracked 48 Non Account,EVNGA,NPD,,,TOL7Email,TOL7SMS,RMFooter1,,1,,0,0
Tracked 48 Non Account,EVNRF,NPD,,,TOL7Email,TOL7SMS,RMFooter1,,1,,0,0
Tracked 24 Non Account,EVNAC,NPD,,,None,None,RMFooter1,,1,,0,0
Tracked 48 Non Account,EVNAC,NPD,,,None,None,RMFooter1,,1,,0,0
Tracked 24 Non Account,PDNEX,NPE,,,TOL_PDD_EMAIL,TOL_PDD_SMS,RMFooter1,,1,,0,3
Tracked 48 Non Account,PDNEX,NPE,,,TOL_PDD_EMAIL,TOL_PDD_SMS,RMFooter1,,1,,0,3
Tracked 24 Non Account,VDNEX,NRD,,,TOL1email,TOL1SMS,RMFooter1,,1,,1,0
Tracked 48 Non Account,VDNEX,NRD,,,TOL1email,TOL1SMS,RMFooter1,,1,,1,0
Tracked 24 Non Account,EVGPD,NRD,,,TOL1email,TOL1SMS,RMFooter1,,1,,1,0
Tracked 24 Non Account,EVKSP,NDE,,,TOL2email,TOL2SMS,RMFooter1,,1,,0,0
Tracked 24 Non Account,EVKOP,NDE,,,TOL2email,TOL2SMS,RMFooter1,,1,,0,0
Tracked 24 Non Account,EVKDN,NDN,,,TOL8email,TOL8SMS,RMFooter1,,1,,0,0
Tracked 24 Non Account,EVKNS,NDN,,,TOL8email,TOL8SMS,RMFooter1,,1,,0,0
Tracked 24 Non Account,EVKSF,NSF,,,TOL3email,TOL3SMS,RMFooter1,,1,,0,0
Tracked 24 Non Account,EVKLC,NLC,,,TOL4email,TOL4SMS,RMFooter1,,1,,0,0
Tracked 24 Non Account,EVKLS,NLC,,,TOL4email,TOL4SMS,RMFooter1,,1,,0,0
Tracked 24 Non Account,EVNRE,NRE,,,TOL7email,TOL7SMS,RMFooter1,,1,,0,0
Tracked 24 Non Account,EVZDR,NFN,,,TOL6email,TOL6SMS,RMFooter1,,1,,0,0
Tracked 24 Non Account,EVNLC,NLC,,,TOL4email,TOL4SMS,RMFooter1,,1,,0,0
Tracked 48 Non Account,EVGPD,NRD,,,TOL1email,TOL1SMS,RMFooter1,,1,,1,0
Tracked 48 Non Account,EVKSP,NDE,,,TOL2email,TOL2SMS,RMFooter1,,1,,0,0
Tracked 48 Non Account,EVKOP,NDE,,,TOL2email,TOL2SMS,RMFooter1,,1,,0,0
Tracked 48 Non Account,EVKNA,NUN,,,TOL5email,TOL5SMS,RMFooter1,,1,,0,0
Tracked 48 Non Account,EVKSF,NSF,,,TOL3email,TOL3SMS,RMFooter1,,1,,0,0
Tracked 48 Non Account,EVKLC,NLC,,,TOL4email,TOL4SMS,RMFooter1,,1,,0,0
Tracked 48 Non Account,EVNLC,NLC,,,TOL4email,TOL4SMS,RMFooter1,,1,,0,0
Tracked 48 Non Account,EVKLS,NLC,,,TOL4email,TOL4SMS,RMFooter1,,1,,0,0
Tracked 48 Non Account,EVNRE,NRE,,,TOL7email,TOL7SMS,RMFooter1,,1,,0,0
Tracked 48 Non Account,EVZDR,NFN,,,TOL6email,TOL6SMS,RMFooter1,,1,,0,0
Tracked 48 Non Account,EVKDN,NDN,,,TOL8email,TOL8SMS,RMFooter1,,1,,0,0
Tracked 48 Non Account,EVKNS,NDN,,,TOL8email,TOL8SMS,RMFooter1,,1,,0,0
Tracked 24 Non Account,EVKSU,NSN,,,TOL11email,TOL11SMS,RMFooter1,,1,,0,0
Tracked 24 Non Account,EVNDN,NST,,,TOL9email,TOL9SMS,RMFooter1,,1,,0,0
Tracked 24 Non Account,EVKAA,NST,,,TOL9email,TOL9SMS,RMFooter1,,1,,0,0
Tracked 48 Non Account,EVKSU,NSN,,,TOL11email,TOL11SMS,RMFooter1,,1,,0,0
Tracked 48 Non Account,EVNDN,NST,,,TOL9email,TOL9SMS,RMFooter1,,1,,0,0
Tracked 48 Non Account,EVKAA,NST,,,TOL9email,TOL9SMS,RMFooter1,,1,,0,0
Tracked 24 Non Account,EVNDA,NEP,,,TOL10email,TOL10SMS,RMFooter1,,1,,0,0
Tracked 24 Non Account,EVNCE,NCE,,,TOL12email,TOL12SMS,RMFooter1,,1,,0,0
Tracked 24 Non Account,EVNCO,NCO,,,TOL12email,TOL12SMS,RMFooter1,,1,,0,0
Tracked 48 Non Account,EVNDA,NEP,,,TOL10email,TOL10SMS,RMFooter1,,1,,0,0
Tracked 48 Non Account,EVNCE,NCE,,,TOL12email,TOL12SMS,RMFooter1,,1,,0,0
Tracked 48 Non Account,EVNCO,NCO,,,TOL12email,TOL12SMS,RMFooter1,,1,,0,0
International Import DDP,IREMC,NOD,,,INT_ONWAY_DDP_EMAIL,INT_ONWAY_SMS,RMFooter1,,1,,0,0
International Import FREE,IREMC,NOF,,,INT_ONWAY_FREE_EMAIL,INT_ONWAY_SMS,RMFooter1,,1,,0,0
International Import CHARGE APPLICABLE,IREMC,NOC,,,INT_ONWAY_CHARGE_EMAIL,INT_ONWAY_SMS,RMFooter1,,1,,0,0
International Import DDP,EVJLV,NIF,,,INT_FREED_EMAIL,INT_FREED_SMS,RMFooter1,,1,,0,0
International Import DDP,EVJJV,NIF,,,INT_FREED_EMAIL,INT_FREED_SMS,RMFooter1,,1,,0,0
International Import DDP,EVJMV,NIF,,,INT_FREED_EMAIL,INT_FREED_SMS,RMFooter1,,1,,0,0
International Import DDP,EVJDU,NIF,,,INT_FREED_EMAIL,INT_FREED_SMS,RMFooter1,,1,,0,0
International Import DDP,EVILC,NIF,,,INT_FREED_EMAIL,INT_FREED_SMS,RMFooter1,,1,,0,0
International Import FREE,EVJLV,NIF,,,INT_FREED_EMAIL,INT_FREED_SMS,RMFooter1,,1,,0,0
International Import FREE,EVJJV,NIF,,,INT_FREED_EMAIL,INT_FREED_SMS,RMFooter1,,1,,0,0
International Import FREE,EVJMV,NIF,,,INT_FREED_EMAIL,INT_FREED_SMS,RMFooter1,,1,,0,0
International Import FREE,EVJDU,NIF,,,INT_FREED_EMAIL,INT_FREED_SMS,RMFooter1,,1,,0,0
International Import FREE,EVILC,NIF,,,INT_FREED_EMAIL,INT_FREED_SMS,RMFooter1,,1,,0,0
International Import CHARGE APPLICABLE,EVNCF,NIC,,,INT_CHARGED_EMAIL,INT_CHARGED_SMS,RMFooter1,,1,,0,0
Tracked 24,PDRNF,NPM,,,PMDEL_Email,PMDEL_SMS,RMFooter1,,1,,0,3
Tracked 24,VDLAT,NPM,,,PMDEL_Email,PMDEL_SMS,RMFooter1,,1,,0,0
Tracked 24,VRLAT,NPM,,,PMDEL_Email,PMDEL_SMS,RMFooter1,,1,,0,0
Tracked 24,EVNRT,NRT,,,RETENTION_EMAIL,RETENTION_SMS,RMFooter1,,1,,0,3
Tracked 48,EVNRT,NRT,,,RETENTION_EMAIL,RETENTION_SMS,RMFooter1,,1,,0,3
Tracked 24 Non Account,EVNRT,NRT,,,TOL_RETENTION_EMAIL,TOL_RETENTION_SMS,RMFooter1,,1,,0,3
Tracked 48 Non Account,EVNRT,NRT,,,TOL_RETENTION_EMAIL,TOL_RETENTION_SMS,RMFooter1,,1,,0,3
Special Delivery Guaranteed 9am,EVNRT,NRT,,,SDG_RETENTION_EMAIL,RETENTION_SMS,RMFooter1,,1,,0,3
Special Delivery Guaranteed 1pm,EVNRT,NRT,,,SDG_RETENTION_EMAIL,RETENTION_SMS,RMFooter1,,1,,0,3
Tracked 24,EVNUR,NRT,,,RETENTION_EMAIL,RETENTION_SMS,RMFooter1,,1,,0,3
Tracked 48,EVNUR,NRT,,,RETENTION_EMAIL,RETENTION_SMS,RMFooter1,,1,,0,3
Tracked 24 Non Account,EVNUR,NRT,,,TOL_RETENTION_EMAIL,TOL_RETENTION_SMS,RMFooter1,,1,,0,3
Tracked 48 Non Account,EVNUR,NRT,,,TOL_RETENTION_EMAIL,TOL_RETENTION_SMS,RMFooter1,,1,,0,3
Special Delivery Guaranteed 9am,EVNUR,NRT,,,SDG_RETENTION_EMAIL,RETENTION_SMS,RMFooter1,,1,,0,3
Special Delivery Guaranteed 1pm,EVNUR,NRT,,,SDG_RETENTION_EMAIL,RETENTION_SMS,RMFooter1,,1,,0,3
